﻿<words>
  <word>50s</word>
  <word>9/11</word>
  <word>a.m.</word>
  <word>actinium</word>
  <word>adrenocorticotropic</word>
  <word>advisors</word>
  <word>aeroplanes</word>
  <word>ahh</word>
  <word>ahhhh</word>
  <word>aioli</word>
  <word>ajit</word>
  <word>aluminium</word>
  <word>aluminum</word>
  <word>americium</word>
  <word>amnio</word>
  <word>amygdala</word>
  <word>anonymized</word>
  <word>anthropomorphize</word>
  <word>antimony</word>
  <word>apologise</word>
  <word>appétit</word>
  <word>argon</word>
  <word>arsenic</word>
  <word>arses</word>
  <word>astatine</word>
  <word>astrometry</word>
  <word>attosecond</word>
  <word>autotrophs</word>
  <word>axe</word>
  <word>backsplashes</word>
  <word>barista</word>
  <word>barium</word>
  <word>behaviour</word>
  <word>beheadings</word>
  <word>berkelium</word>
  <word>beryllium</word>
  <word>bismuth</word>
  <word>blonde</word>
  <word>blowjobs</word>
  <word>bluejacked</word>
  <word>blushy</word>
  <word>bohrium</word>
  <word>bona fide</word>
  <word>boneyard</word>
  <word>boron</word>
  <word>bradycardic</word>
  <word>braniac</word>
  <word>breakin'</word>
  <word>bromine</word>
  <word>busses</word>
  <word>but</word>
  <word>butterflyfish</word>
  <word>butthead</word>
  <word>butthole</word>
  <word>buzzkill</word>
  <word>cadmium</word>
  <word>caesium</word>
  <word>cahill's</word>
  <word>calcium</word>
  <word>californium</word>
  <word>carbon</word>
  <word>cardiothoracic</word>
  <word>catalogue</word>
  <word>catalogued</word>
  <word>'cause</word>
  <word>centimetres</word>
  <word>cerium</word>
  <word>cesium</word>
  <word>children's</word>
  <word>chitters</word>
  <word>chlorine</word>
  <word>chromium</word>
  <word>clanky</word>
  <word>cliché</word>
  <word>clozapine</word>
  <word>cobalt</word>
  <word>collywobbles</word>
  <word>colonoscopy</word>
  <word>colours</word>
  <word>contractualism</word>
  <word>copernicium</word>
  <word>copper</word>
  <word>copperish</word>
  <word>cosy</word>
  <word>could've</word>
  <word>craniotomy</word>
  <word>cryo</word>
  <word>cryotube</word>
  <word>cudgelled</word>
  <word>curium</word>
  <word>darmstadtium</word>
  <word>darndest</word>
  <word>decompensating</word>
  <word>defendable</word>
  <word>defibrillation</word>
  <word>dialogue</word>
  <word>dipshit</word>
  <word>disorderlies</word>
  <word>doofus</word>
  <word>douchey</word>
  <word>dreamt</word>
  <word>dubnium</word>
  <word>dysprosium</word>
  <word>einsteinium</word>
  <word>'em</word>
  <word>emoji</word>
  <word>endeth</word>
  <word>episiotomy</word>
  <word>erbium</word>
  <word>esophaguses</word>
  <word>euro</word>
  <word>europium</word>
  <word>euros</word>
  <word>evaporite</word>
  <word>everything's</word>
  <word>extradural</word>
  <word>faggot</word>
  <word>falafel</word>
  <word>fallin'</word>
  <word>favour</word>
  <word>favoured</word>
  <word>favourite</word>
  <word>fbi's</word>
  <word>fermium</word>
  <word>fiancé</word>
  <word>fiancée</word>
  <word>financials</word>
  <word>flavour</word>
  <word>flavours</word>
  <word>fluorine</word>
  <word>flushin'</word>
  <word>flyer</word>
  <word>francium</word>
  <word>fuckable</word>
  <word>fundraiser</word>
  <word>gadolinium</word>
  <word>gallium</word>
  <word>geez</word>
  <word>gemensheidt</word>
  <word>generationally</word>
  <word>germanium</word>
  <word>giancarlo</word>
  <word>gigabit</word>
  <word>glioma</word>
  <word>glowy</word>
  <word>goddamned</word>
  <word>golconda</word>
  <word>gold</word>
  <word>guys'll</word>
  <word>hafnium</word>
  <word>hashtag</word>
  <word>hassium</word>
  <word>hatchling</word>
  <word>heh</word>
  <word>helium</word>
  <word>heloooooo</word>
  <word>hematoma</word>
  <word>hiei</word>
  <word>hijab</word>
  <word>hm</word>
  <word>holmium</word>
  <word>hottie</word>
  <word>houseguests</word>
  <word>how'd</word>
  <word>how're</word>
  <word>humvee</word>
  <word>hydrogen</word>
  <word>hypothermic</word>
  <word>immunotherapy</word>
  <word>incontinentia</word>
  <word>indium</word>
  <word>intercostal</word>
  <word>intrapericardial</word>
  <word>intubate</word>
  <word>iodine</word>
  <word>iridium</word>
  <word>iron</word>
  <word>ischemia</word>
  <word>jeopardised</word>
  <word>jewellery</word>
  <word>jizz</word>
  <word>jizzed</word>
  <word>jizzing</word>
  <word>just</word>
  <word>keychain</word>
  <word>kid'll</word>
  <word>krypton</word>
  <word>kuwabara-kun</word>
  <word>labelled</word>
  <word>lanthanum</word>
  <word>laparoscopically</word>
  <word>laparotomy</word>
  <word>laryngectomy</word>
  <word>lawrencium</word>
  <word>lead</word>
  <word>lithium</word>
  <word>loudmouth</word>
  <word>loupe</word>
  <word>lutetium</word>
  <word>magnesium</word>
  <word>manganese</word>
  <word>meds</word>
  <word>meitnerium</word>
  <word>mendelevium</word>
  <word>men's</word>
  <word>mercury</word>
  <word>mesenteric</word>
  <word>metres</word>
  <word>micrografting</word>
  <word>might've</word>
  <word>millennia</word>
  <word>mmm</word>
  <word>mmmmm</word>
  <word>mojo</word>
  <word>molybdenum</word>
  <word>moonlet</word>
  <word>multispectral</word>
  <word>must've</word>
  <word>nah</word>
  <word>namaste</word>
  <word>nasties</word>
  <word>neighbour</word>
  <word>neighbourhood</word>
  <word>neighbours</word>
  <word>neodymium</word>
  <word>neon</word>
  <word>neptunium</word>
  <word>neurobiologist</word>
  <word>neuroscientific</word>
  <word>nickel</word>
  <word>niobium</word>
  <word>nitrogen</word>
  <word>nobelium</word>
  <word>nothin</word>
  <word>now's</word>
  <word>ohh</word>
  <word>online</word>
  <word>or</word>
  <word>oropharyngeal</word>
  <word>osmium</word>
  <word>other's</word>
  <word>oww</word>
  <word>owwwww</word>
  <word>oxygen</word>
  <word>p.m.</word>
  <word>palladium</word>
  <word>paprikash</word>
  <word>parents'</word>
  <word>percutaneously</word>
  <word>phosphorus</word>
  <word>photoshopped</word>
  <word>platinum</word>
  <word>playbook</word>
  <word>plutonium</word>
  <word>pneumothorax</word>
  <word>polenta</word>
  <word>polonium</word>
  <word>postulator</word>
  <word>potassium</word>
  <word>praseodymium</word>
  <word>promethium</word>
  <word>protactinium</word>
  <word>purée</word>
  <word>radium</word>
  <word>radon</word>
  <word>reacclimate</word>
  <word>reacclimating</word>
  <word>realise</word>
  <word>realised</word>
  <word>rebar</word>
  <word>recalibrated</word>
  <word>recognise</word>
  <word>recognised</word>
  <word>reframe</word>
  <word>resect</word>
  <word>retractor</word>
  <word>rhenium</word>
  <word>rhodium</word>
  <word>ringtone</word>
  <word>roentgenium</word>
  <word>rollerblades</word>
  <word>rubidium</word>
  <word>ruthenium</word>
  <word>rutherfordium</word>
  <word>saké</word>
  <word>saltimbocca</word>
  <word>samarium</word>
  <word>sayonara</word>
  <word>scandium</word>
  <word>schlong</word>
  <word>sci-fi</word>
  <word>seaborgium</word>
  <word>secret's</word>
  <word>selenium</word>
  <word>selfies</word>
  <word>señor</word>
  <word>señora</word>
  <word>señorita</word>
  <word>sensei</word>
  <word>sharpshoot</word>
  <word>shithead's</word>
  <word>shithole</word>
  <word>should've</word>
  <word>show's</word>
  <word>silicon</word>
  <word>silver</word>
  <word>skag</word>
  <word>skank</word>
  <word>skeevy</word>
  <word>snuck</word>
  <word>sodium</word>
  <word>something's</word>
  <word>spell's</word>
  <word>spilt</word>
  <word>spork</word>
  <word>spotteth</word>
  <word>stent</word>
  <word>stenting</word>
  <word>sternotomy</word>
  <word>strontium</word>
  <word>subdural hematoma</word>
  <word>sudoku</word>
  <word>sulfur</word>
  <word>sulphur</word>
  <word>synchronicity</word>
  <word>syncopal</word>
  <word>tantalum</word>
  <word>taxies</word>
  <word>technetium</word>
  <word>teleporting</word>
  <word>tellurium</word>
  <word>teratoma</word>
  <word>terbium</word>
  <word>terrorise</word>
  <word>texted</word>
  <word>texting</word>
  <word>thallium</word>
  <word>that'd</word>
  <word>that'll</word>
  <word>the</word>
  <word>them's</word>
  <word>then</word>
  <word>there'd</word>
  <word>there'll</word>
  <word>there're</word>
  <word>this</word>
  <word>this'll</word>
  <word>thoracotomy</word>
  <word>thorium</word>
  <word>thulium</word>
  <word>tin</word>
  <word>titanium</word>
  <word>tittie</word>
  <word>touché</word>
  <word>trickeration</word>
  <word>trifecta</word>
  <word>tungsten</word>
  <word>unreciprocated</word>
  <word>unsterile</word>
  <word>ununhexium</word>
  <word>ununoctium</word>
  <word>ununpentium</word>
  <word>ununquadium</word>
  <word>ununseptium</word>
  <word>ununtrium</word>
  <word>uranium</word>
  <word>vaccinologist</word>
  <word>vanadium</word>
  <word>voicemail</word>
  <word>voila</word>
  <word>weirding</word>
  <word>what'd</word>
  <word>what're</word>
  <word>when'd</word>
  <word>where'd</word>
  <word>where're</word>
  <word>which</word>
  <word>why'd</word>
  <word>why's</word>
  <word>wizarding</word>
  <word>women's</word>
  <word>worshipped</word>
  <word>www</word>
  <word>xenon</word>
  <word>ytterbium</word>
  <word>yttrium</word>
  <word>yukina</word>
  <word>zinc</word>
  <word>zirconium</word>
</words>